Categoría;Subcategoría;Supracategoria;Producto;Descripción;Stock ;Precio ;Modo de uso;Ingredientes;Propiedades;Beneficios;Item 1;Item 2;Item 3;Item 4;Item 5;Item 6
Cuidado facial;Limpiadores faciales;Jabones;Jabón de rosas y argán;Barra de jabón a base de glicerina  sólida blanca con registro sanitario y pH neutro .                            ;16;18,00 PEN;1. Humedece tus manos con agua tibia y frotalas con el jabón de glicerina hasta crear espuma.                                                                                                            ;Aceite Esencial de Rosas;Contribuye a equilibrar los niveles de hidratación en la piel. Tiene propiedades antiinflamatorias, antibacterianas, y antioxidantes. Provee una acción tonificante. Además, ayuda a regenerar la piel, lo que puede atenuar la apariencia de cicatrices y líneas finas con el uso constante.;Antiinflamatorio, antioxidante y antibacteriano.;Regenera;Antiinflamatorio;;;;
;;;;Contenido: 100 gr;;;  2. Masajea suavemente tu cutis con movimientos circularesdurante 15 a 20 segundos.;Aceite de Argán;Hidrata y nutre la piel en profundidad con ácidos grasos esenciales (omega 6 y omega 9). Previene la sequedad y la descamación, dejando la piel suave y flexible. Además, ayuda a fortalecer la barrera natural de la piel contra las agresiones externas.;Ayuda a rellenar líneas finas y atenuar las cicatrices pequeńas con el uso constante.;Líneas finas;Antibacteriano;;;;
;;;;Producto peruano;;; 3. Retira todos los residuos de la espuma con agua tibia. ;Extracto de Rosas;Aporta vitaminas y minerales que nutren la piel. Protege el rostro del dańo oxidativo. Ayuda a equilibrar el pH de la piel.;;;Antioxidante;;;;
;;;;;;; 4. Seca suavemente con una toalla de algodón.;Glicerina sólida;Hidratante, emoliente y dermocompatible;;;;;;;
;;;;;;;5. Continua con tu rutina de skincare incluida una crema hidratante para potenciar los activos del jabón.;Vitamina E;Antioxidante liposoluble y conservante natural ;;;;;;;
Cuidado facial;Limpiadores faciales;Jabones;Jabón de colágeno;Barra de jabón de glicerina sólida blanca con registro sanitario y pH neutro.                      ;16;18,00 PEN;1. Humedece tus manos con agua tibia y frotalas con el jabón de glicerina hasta crear espuma.                                                                                                            ;Aceite Esencial de Ylang Ylang;Equilibra la producción de sebo en el cutis. Es antiséptico y fomenta la cicatrización natural. Tiene un efecto antiinflamatorio. Provee una acción tonificante.;Antiinflamatorio y nutritivo. Regenera el tejido conectivo.;Regenera;;;;;
;;;;Contenido: 100 gr;;;  2. Masajea suavemente tu cutis con movimientos circularesdurante 15 a 20 segundos.;Aceite de Chía;Fuente de antioxidantes como la vitamina E, y polifenoles, además de ácidos grasos, vitamina B3 y zinc. Tiene propiedades antiinflamatorias.                    Fortalece la barrera lipídica de la piel. Protege la piel de los radicales libres. Ayuda a equilibrar la producción de sebo en pieles grasas.;Es fuente de vitaminas (E y B3), polifenoles, ácidos grasos, y zinc. Equilibra el sebo natural. ;;;;;;
;;;;Producto peruano;;; 3. Retira todos los residuos de la espuma con agua tibia. ;Colágeno Hidrolizado pulverizado;Hidrata y humecta la piel. Estimula la regeneración del tejido conectivo, y ayuda a reparar la piel. Contribuye una mejor apariencia de la piel, ayudando a rellenar las líneas finas.;;Líneas finas;Antioxidante;;;;
;;;;;;; 4. Seca suavemente con una toalla de algodón.;Manteca de Karité;Previene la deshidratación y protege de las agresiones externas como el clima frío o el viento, además de potenciar los activos de otras sustancias. Sus propiedades antiinflamatorias ayudan a calmar la piel irritada. Favorece la regeneración de los tejidos celulares.;;;Antiinflamatorio;;;;
;;;;;;;5. Continua con tu rutina de skincare incluida una crema hidratante para potenciar los activos del jabón.;Glicerina sólida;Hidratante, emoliente y dermocompatible.;;;;;;;
;;;;;;;;Vitamina E;Antioxidante liposoluble y conservante natural.;;;;;;;
Cuidado facial;Limpiadores faciales;Jabones;Jabón de concha de nácar;Barra de jabón de glicerina sólida blanca con registro sanitario y pH neutro.                      ;16;18,00 PEN;1. Humedece tus manos con agua tibia y frotalas con el jabón de glicerina hasta crear espuma.                                                                                                            ;Concha de Nácar en polvo;"La concha de nácar en polvo es un ingrediente reconocido por su capacidad para atenuar manchas oscuras, cicatrices de acné y marcas causadas por el sol, promoviendo un tono de piel más uniforme.
Contiene minerales esenciales (manganeso y selenio) que actúan como antioxidantes, y la proteína conchiolina. Ambos ayudan a estimular la producción de colágeno y la regeneración natural de la piel. Además las finas partículas de la concha de nácar brindan una exfoliación delicada que ayuda a eliminar las células muertas de la piel, revelando una complexión más fina.";Antiinflamatorio, antibacteriano, y antioxidante. Atenua las manchas, cicatrices, y marcas del sol. Exfolia suavemente la piel. Atenua la decoloración y la hiperpigmentación postinflamatoria.;Regenerar;Antiinflamatorio;;;;
;;;;Contenido: 100 gr;;;  2. Masajea suavemente tu cutis con movimientos circularesdurante 15 a 20 segundos.;Aceite Esencial de Lavanda;Tiene propiedades antibacterianas y antiinflamatorias, lo que combate las bacterias que fomentan el acné, y la formación de manchas asociadas a la inflamación. Además puede contribuir a atenuar la decoloración y la hiperpigmentación postinflamatoria.;;;Antibacteriano;Hiperpigmentación;;;
;;;;Producto peruano;;; 3. Retira todos los residuos de la espuma con agua tibia. ;Aceite de Rosa Mosqueta;Contiene retinoides naturales y vitamina C, ayudando a reducir la hiperpigmentación. Asimismo, los antioxidantes y la vitamina F trabajan en sinergia con la vitamina E para proteger la piel del estrés oxidativo y los radicales libres. Además fortalece la barrera lipidica de la piel para sellar la hidratación.;Contiene retinoides y vitaminas (C, E y F). Protege la piel del estrés oxidativo.;Exfoliar;Antioxidante;;;;
;;;;;;; 4. Seca suavemente con una toalla de algodón.;Glicerina sólida;Hidratante, emoliente y dermocompatible;;;;;;;
;;;;;;;5. Continua con tu rutina de skincare incluida una crema hidratante para potenciar los activos del jabón.;Vitamina E;Antioxidante liposoluble y conservante natural ;;;;;;;
Cuidado facial;Limpiadores faciales;Jabones;Jabón de arroz;Barra de jabón de glicerina sólida blanca con registro sanitario y pH neutro.                      ;16;18,00 PEN;1. Humedece tus manos con agua tibia y frotalas con el jabón de glicerina hasta crear espuma.                                                                                                            ;Arroz en polvo;Las vitaminas B y E, aminoacidos, antioxidantes y otros compuestos del arroz como el almidón, tienen propiedades aclarantes y exfoliantes suaves que remueven las células muertas sin irritar la piel, y atenuan y unifican el tono de la piel. El almidón en especial, ayuda  a inhibir la producción de melanina, el pigmento responsable del color de la piel. Esto contribuye a reducir la apariencia de manchas oscuras, cicatrices y otras decoloraciones, revelando un tono de piel más uniforme y radiante.;;;;;;;
;;;;Contenido: 100 gr;;;  2. Masajea suavemente tu cutis con movimientos circularesdurante 15 a 20 segundos.;Aceite Esencial de Lavanda;Tiene propiedades antibacterianas y antiinflamatorias, lo que combate las bacterias que fomentan el acné, y la formación de manchas asociadas a la inflamación. Además puede contribuir a atenuar la decoloración y la hiperpigmentación postinflamatoria.;;;;;;;
;;;;Producto peruano;;; 3. Retira todos los residuos de la espuma con agua tibia. ;Aceite de Rosa Mosqueta;Contiene retinoides naturales y vitamina C, ayudando a reducir la hiperpigmentación. Asimismo, los antioxidantes y la vitamina F trabajan en sinergia con la vitamina E para proteger la piel del estrés oxidativo y los radicales libres. Además fortalece la barrera lipidica de la piel para sellar la hidratación.;;;;;;;
;;;;;;; 4. Seca suavemente con una toalla de algodón.;Glicerina sólida;Hidratante, emoliente y dermocompatible;;;;;;;
;;;;;;;5. Continua con tu rutina de skincare incluida una crema hidratante para potenciar los activos del jabón.;Vitamina E;Antioxidante liposoluble y conservante natural .;;;;;;;
Cuidado facial;Limpiadores faciales;Jabones;Jabón de Aloe Vera;Barra de jabón de glicerina sólida blanca con registro sanitario y pH neutro.                      ;16;18,00 PEN;1. Humedece tus manos con agua tibia y frotalas con el jabón de glicerina hasta crear espuma.                                                                                                            ;Aloe Vera en polvo;Tiene propiedades antiinflamatorias y cicatrizantes ayudando a mejorar la apariencia de las quemaduras solares. Al concentrar los principios activos, el polvo aporta una mayor dosis de vitaminas A, C y E, que actúan como antioxidantes para proteger la piel del dańo ambiental;;;;;;;
;;;;Contenido: 100 gr;;;  2. Masajea suavemente tu cutis con movimientos circularesdurante 15 a 20 segundos.;Aceite de Jojoba;Equilibra la producción del sebo natural de la piel. No es comedogenico. Tiene propiedades antibacterianas. Proporciona una hidratación duradera y rellena los espacios entre las células de la epidermis. Contiene un alto porcentaje de vitamina E y ceramidas, lo que lo convierte en un potente antioxidante.;;;;;;;
;;;;Producto peruano;;; 3. Retira todos los residuos de la espuma con agua tibia. ;Extracto de Aloe Vera;Hidrata profundamente la piel. Gracias a su contenido de vitamina (C y E), tiene propiedades antioxidantes, además de ser antibacteriano y antiinflamatorio.;;;;;;;
;;;;;;; 4. Seca suavemente con una toalla de algodón.;Glicerina sólida;Hidratante, emoliente y dermocompatible, ideal para todo tipo de piel, gracias a su pH neutro y sus propiedades hipoalergénicas.;;;;;;;
;;;;;;;5. Continua con tu rutina de skincare incluida una crema hidratante para potenciar los activos del jabón.;Vitamina E;Antioxidante liposoluble y conservante natural ;;;;;;;
Cuidado facial;Limpiadores faciales;Jabones;Jabón de cúrcuma;Barra de jabón de glicerina sólida blanca con registro sanitario y pH neutro.                      ;16;18,00 PEN;1. Humedece tus manos con agua tibia y frotalas con el jabón de glicerina hasta crear espuma.                                                                                                            ;Cúrcuma en polvo;"Es un potente antioxidante natural. Contiene curcumina, compuesto activo antiinflamatorio. Ayuda a atenuar la hiperpigmentación, las manchas oscuras y las cicatrices del acné, promoviendo un tono de piel más uniforme.
Tiene propiedades antimicrobianas que combaten el acné, ayudando a mantener la piel limpia y a prevenir futuros brotes.";;;;;;;
;;;;Contenido: 100 gr;;;  2. Masajea suavemente tu cutis con movimientos circularesdurante 15 a 20 segundos.;Aceite de Chía;Fuente de antioxidantes como la vitamina E, y polifenoles, además de ácidos grasos, vitamina B3 y zinc.  Efecto calmante y antiinflamatorio. Fortalece la barrera lipídica de la piel. Protege la piel de los radicales libres, y ayuda a equilibrar la producción de sebo en pieles grasas.;;;;;;;
;;;;Producto peruano;;; 3. Retira todos los residuos de la espuma con agua tibia. ;Miel de Abeja;Hidrata la piel, y tiene una acción antiiflamatoria. Mejora el tono y la textura de la piel, resaltando su brillo natural. La miel posee propiedades antibacterianas que ayudan a prevenir brotes de acné, al inhibir el crecimiento de bacterias que causan las espinillas.;;;;;;;
;;;;;;; 4. Seca suavemente con una toalla de algodón.;Glicerina sólida;Hidratante, emoliente y dermocompatible, ideal para todo tipo de piel, gracias a su pH neutro y sus propiedades hipoalergénicas.;;;;;;;
;;;;;;;5. Continua con tu rutina de skincare incluida una crema hidratante para potenciar los activos del jabón.;Vitamina E;Antioxidante liposoluble y conservante natural.;;;;;;;
Cuidado facial;Limpiadores faciales;Jabones;Jabón de  zanahoria y caléndula;Barra de jabón de glicerina sólida blanca con registro sanitario y pH neutro.                      ;16;18,00 PEN;1. Humedece tus manos con agua tibia y frotalas con el jabón de glicerina hasta crear espuma.                                                                                                            ;Extracto de Zanahoria;Nutre la piel con betacaroteno y vitamina A, poderosos antioxidantes que ayudan a combatir los radicales libres. Además el betacaroteno tiene propiedades antiinflamatorias y puede ayudar a atenuar el tono de la piel. Contiene flavonoides y otros componentes hidrosolubles responsables de su capacidad para reducir el enrojecimiento, la picazón y la inflamación. Proporciona una absorción rapida, segura y no grasosa, que calma, y alivia la piel.;;;;;;;
;;;;Contenido: 100 gr;;;  2. Masajea suavemente tu cutis con movimientos circularesdurante 15 a 20 segundos.;Oleato de Calendula ;La base oleosa de la caléndula hidrata profundamente la piel, ayudando a reparar la barrera protectora.;;;;;;;
;;;;Producto peruano;;; 3. Retira todos los residuos de la espuma con agua tibia. ;Extracto de Caléndula;Sus propiedades antimicrobianas fortalecen la barrera cutánea de la piel, y previenen proliferación de bacterias y la obtrucción de poros.;;;;;;;
;;;;;;; 4. Seca suavemente con una toalla de algodón.;Glicerina sólida;Hidratante, emoliente y dermocompatible, ideal para todo tipo de piel, gracias a su pH neutro y sus propiedades hipoalergénicas.;;;;;;;
;;;;;;;5. Continua con tu rutina de skincare incluida una crema hidratante para potenciar los activos del jabón.;Vitamina E;Antioxidante liposoluble y conservante natural ;;;;;;;
Cuidado facial;Limpiadores faciales;Jabones;Jabón de Avena y Miel;Barra de jabón de glicerina sólida blanca con registro sanitario y pH neutro.                      ;16;18,00 PEN;1. Humedece tus manos con agua tibia y frotalas con el jabón de glicerina hasta crear espuma.                                                                                                            ;Avena en polvo;"Gracias a las avenantramidas, la avena tiene propiedades antiinflamatorias que ayudan a calmar la piel irritada, reducir el enrojecimiento y aliviar el picor, síntomas comunes en pieles sensibles y con afecciones como eccema o dermatitis.
Además, fortalece la barrera cutánea de la piel que retiene la humedad y la protege de los agentes externos.
Por su contenido de grasas insaturadas, la avena ayuda a hidratar y suavizar la piel, contribuyendo a la regeneración celular.
Por último, se compone de saponinas, que son agentes limpiadores naturales. Esto permite que el jabón limpie la piel de impurezas y células muertas de forma suave, sin agredirla, y ayude a mantener el pH de la piel en equilibrio.";;;;;;;
;;;;Contenido: 100 gr;;;  2. Masajea suavemente tu cutis con movimientos circularesdurante 15 a 20 segundos.;Aceite de Coco ;Nutre la piel de manera intensa y profunda. Contiene ácido láurico, lo cual es extremadamente alto en propiedades antibacterianas,y antimicrobianas, beneficioso para la piel propensa al acné y otras infecciones dérmicas.;;;;;;;
;;;;Producto peruano;;; 3. Retira todos los residuos de la espuma con agua tibia. ;Miel de Abeja;Hidrata la piel, y tiene una acción antiiflamatoria. Mejora el tono y la textura de la piel, resaltando su brillo natural. La miel posee propiedades antibacterianas que ayudan a prevenir brotes de acné, al inhibir el crecimiento de bacterias que causan las espinillas.;;;;;;;
;;;;;;; 4. Seca suavemente con una toalla de algodón.;Glicerina sólida;Hidratante, emoliente y dermocompatible;;;;;;;
;;;;;;;5. Continua con tu rutina de skincare incluida una crema hidratante para potenciar los activos del jabón.;Vitamina E;Antioxidante liposoluble y conservante natural ;;;;;;;
Cuidado facial;Limpiadores faciales;Jabones;Jabón de arcilla verde;Barra de jabón de glicerina sólida ambar con registro sanitario y pH neutro;16;18,00 PEN;1. Humedece tus manos con agua tibia y frotalas con el jabón de glicerina hasta crear espuma.                                                                                                            ;Arcilla Verde;Desintoxica y absorbe el exceso de sebo natural en la piel, proporcionando una limpieza profunda, especialmente para la piel propensa al acné.;;;;;;;
;;;;Contenido: 100 gr;;;  2. Masajea suavemente tu cutis con movimientos circularesdurante 15 a 20 segundos.;Aceite Esencial de Árbol de Te;Tiene propiedades antibacterianas y antisepticas. Ayuda a reducir el enrojecimiento de los brotes por sus propiedades antiinflamatorias. ;;;;;;;
;;;;Producto peruano;;; 3. Retira todos los residuos de la espuma con agua tibia. ;Aceite de Jojoba;Equilibra la producción del sebo natural de la piel. No es comedogenico. Tiene propiedades antibacterianas. Proporciona una hidratación duradera y rellena los espacios entre las células de la epidermis. Contiene un alto porcentaje de vitamina E y ceramidas, lo que lo convierte en un potente antioxidante.;;;;;;;
;;;;;;; 4. Seca suavemente con una toalla de algodón.;Glicerina sólida;Hidratante, emoliente y dermocompatible;;;;;;;
;;;;;;;5. Continua con tu rutina de skincare incluida una crema hidratante para potenciar los activos del jabón.;Vitamina E;Antioxidante liposoluble y conservante natural ;;;;;;;
Cuidado facial;Limpiadores faciales;Jabones;Jabón de arcilla rosa;Barra de jabón de glicerina sólida blanca con registro sanitario y pH neutro.                      ;16;18,00 PEN;;Arcilla Rosa;"La arcilla rosa es ideal para la piel mixta, ya que absorbe el exceso de grasa y las impurezas de la zona T, sin resecar las áreas más secas, como las mejillas.
Gracias a sus propiedades minerales, purifica y desintoxica los poros, ofreciendo una exfoliación delicada, y mejorando la textura y el tono. Por su contenido de minerales, tiene propiedades antiinflamatorias que calman y revitalizan.";;;;;;;
;;;;Contenido: 100 gr;;;;Aceite de Rosa Mosqueta;Contiene retinoides naturales y vitamina C, ayudando a reducir la hiperpigmentación. Asimismo, los antioxidantes y la vitamina F trabajan en sinergia con la vitamina E para proteger la piel del estrés oxidativo y los radicales libres. Además fortalece la barrera lipidica de la piel para sellar la hidratación.;;;;;;;
;;;;Producto peruano;;;;Glicerina sólida;Hidratante, emoliente y dermocompatible;;;;;;;
;;;;;;;;Vitamina E;Antioxidante liposoluble y conservante natural ;;;;;;;
Cuidado facial;Limpiadores faciales;Jabones;Jabón de Camu Camu;Barra de jabón de glicerina sólida blanca con registro sanitario y pH neutro.                      ;16;19,00 PEN;1. Humedece tus manos con agua tibia y frotalas con el jabón de glicerina hasta crear espuma.                                                                                                            ;Camu Camu en polvo;Tiene un alto contenido de vitamina c, que protege la piel de los radicales libres, y el estrés oxidativo, además de inhibir la producción de melanina y prevenir la hiperpigmentación. ;;;;;;;
;;;;Contenido: 100 gr;;;  2. Masajea suavemente tu cutis con movimientos circularesdurante 15 a 20 segundos.;Aceite Esencial de Ylang Ylang;Equilibra la producción de sebo en el cutis. Es antiséptico y fomenta la cicatrización natural. Tiene un efecto antiinflamatorio. Provee una acción tonificante.;;;;;;;
;;;;Producto peruano;;; 3. Retira todos los residuos de la espuma con agua tibia. ;Manteca de Karité; Cubre la piel con una capa invisible que previene la deshidratación y protege de las agresiones externas como el clima frío o el viento, además de potenciar los activos de otras sustancias. Sus propiedades antiinflamatorias ayudan a calmar la piel irritada. Favorece la regeneración de los tejidos celulares;;;;;;;
;;;;;;; 4. Seca suavemente con una toalla de algodón.;Glicerina sólida;Hidratante, emoliente y dermocompatible;;;;;;;
;;;;;;;5. Continua con tu rutina de skincare incluida una crema hidratante para potenciar los activos del jabón.;Vitamina E;Antioxidante liposoluble y conservante natural ;;;;;;;
Cuidado facial;Limpiadores faciales;Jabones;Jabón de Coco y Almendras;Barra de jabón de glicerina sólida blanca con registro sanitario y pH neutro.                      ;16;16,00 PEN;1. Humedece tus manos con agua tibia y frotalas con el jabón de glicerina hasta crear espuma.      2. Masajea suavemente tu cutis con movimientos circularesdurante 15 a 20 segundos.                     3. Retira todos los residuos de la espuma con agua tibia.                                                              4. Seca con una toalla de algodón.                        5. Continua con tu rutina de skincare incluida una crema hidratante para potenciar los activos del jabón.;Almendras en polvo;Las almendras pulverizadas actúan como un exfoliante natural que ayuda a eliminar las células muertas de la piel y las impurezas sin irritarla, lo cual, convierte el jabón de almendras y miel ideal para pieles secas. ;;;;;;;
;;;;Contenido: 100 gr;;;;Aceite de Almendras;Gracias a su contenido de vitaminas (B, C, A, D, E y K) y ácidos grasos insaturados, el aceite ayuda a regenerar la piel y a calmar la comezón asociada a la piel seca o irritada. Es un aliado para la cicatrización de la piel, por lo que puede ayudar a reparar pequeńas grietas o lesione;;;;;;;
;;;;Producto peruano;;;;Aceite de Coco ;Nutre la piel de manera intensa y profunda. Contiene ácido láurico, lo cual es extremadamente alto en propiedades antibacterianas,y antimicrobianas, beneficioso para la piel propensa al acné y otras infecciones dérmicas.;;;;;;;
;;;;;;;;Glicerina sólida;Hidratante, emoliente y dermocompatible;;;;;;;
;;;;;;;;Vitamina E;Antioxidante liposoluble y conservante natural ;;;;;;;
Cuidado facial;Limpiadores faciales;Jabones;Jabón de Quinua y Miel;Barra de jabón de glicerina sólida blanca con registro sanitario y pH neutro.                      ;16;16,00 PEN;1. Humedece tus manos con agua tibia y frotalas con el jabón de glicerina hasta crear espuma.      2. Masajea suavemente tu cutis con movimientos circularesdurante 15 a 20 segundos.                     3. Retira todos los residuos de la espuma con agua tibia.                                                              4. Seca con una toalla de algodón.                        5. Continua con tu rutina de skincare incluida una crema hidratante para potenciar los activos del jabón.;Quinua en polvo;"La quinua, contiene saponinas, agentes limpiadores naturales que eliminan la suciedad, las toxinas y el exceso de grasa. Aporta proteínas, vitaminas (B y E) y minerales (magnesio y zinc), que nutren la piel y mejoran su salud y vitalidad.
Además, los lípidos la brindan propiedades hidratantes y calmantes, que ayudan a aliviar problemas como la dermatitis, los eczemas y la psoriasis.";;;Piel Seca;;;;
;;;;Contenido: 100 gr;;;;Aceite de Coco ;Nutre la piel de manera intensa y profunda. Contiene ácido láurico, lo cual es extremadamente alto en propiedades antibacterianas,y antimicrobianas, beneficioso para la piel propensa al acné y otras infecciones dérmicas.;;;;;;;
;;;;Producto peruano;;;;Miel de Abeja;Hidrata la piel, y tiene una acción antiiflamatoria. Mejora el tono y la textura de la piel, resaltando su brillo natural. La miel posee propiedades antibacterianas que ayudan a prevenir brotes de acné, al inhibir el crecimiento de bacterias que causan las espinillas.;;;;;;;
;;;;;;;;Glicerina sólida;Hidratante, emoliente y dermocompatible;;;;;;;
;;;;;;;;Vitamina E;Antioxidante liposoluble y conservante natural ;;;;;;;
Cuidado facial;Limpiadores faciales;Jabones;Jabón de Almendras y Miel;Barra de jabón de glicerina sólida blanca con registro sanitario y pH neutro.                      ;16;16,00 PEN;1. Humedece tus manos con agua tibia y frotalas con el jabón de glicerina hasta crear espuma.      2. Masajea suavemente tu cutis con movimientos circularesdurante 15 a 20 segundos.                     3. Retira todos los residuos de la espuma con agua tibia.                                                              4. Seca con una toalla de algodón.                        5. Continua con tu rutina de skincare incluida una crema hidratante para potenciar los activos del jabón.;Almendras en polvo;Las almendras pulverizadas actúan como un exfoliante natural que ayuda a eliminar las células muertas de la piel y las impurezas sin irritarla, lo cual, convierte el jabón de almendras y miel ideal para pieles secas. ;;;;;;;
;;;;Contenido: 100 gr;;;;Aceite de Almendras;Gracias a su contenido de vitaminas (B, C, A, D, E y K) y ácidos grasos insaturados, el aceite ayuda a regenerar la piel y a calmar la comezón asociada a la piel seca o irritada. Es un aliado para la cicatrización de la piel, por lo que puede ayudar a reparar pequeńas grietas o lesione;;;;;;;
;;;;Producto peruano;;;;Miel de Abeja;Hidrata profundamente la piel, y tiene una acción antiiflamatoria. Mejora el tono y la textura de la piel, resaltando su brillo natural. La miel posee propiedades antibacterianas que ayudan a prevenir brotes de acné, al inhibir el crecimiento de bacterias que causan las espinillas.;;;;;;;
;;;;;;;;Glicerina sólida;Hidratante, emoliente y dermocompatible;;;;;;;
;;;;;;;;Vitamina E;Antioxidante liposoluble y conservante natural ;;;;;;;
Cuidado facial;Limpiadores faciales;;Agua Micelar Bifásica Glow Your Skin;Botella de plástico;16;42,00 PEN;"1. Humedece un disco de algodón, o pad reutilizable de microfibra con el agua micelar.                                                  2. Desliza el disco de algodón sobre tu piel con movimientos suaves y circulares. No es necesario frotar con fuerza.
Para maquillajes más resistentes: Mantén el disco empapado sobre la zona durante unos segundos antes de retirarlo con suavidad. Esto permite que las micelas disuelvan el producto más fácilmente.
Repite si es necesario: Usa discos limpios hasta que el maquillaje sea eliminado.";Hidrolato de Rosas;;;;;;;;
;;;;Contenido: 100 ml;;;;Aceite de Jojoba;;;;;;;;
;;;;Producto peruano;;;;Extracto de Avena;;;;;;;;
;;;;;;;;Decylglucosido;;;;;;;;
Cuidado facial;Tonificantes;;Tónico facial;Botella de plástico;16;35,00 PEN;1. Rocía el producto a una distancia corta.           2. Da unos toques suaves sobre tu rostro para aseguarte de que el tónico haya sido absorbido;Hidrolato de Rosas;;;;;;;;
;;;;Contenido: 100 ml;;;;Vitamina B5;;;;;;;;
;;;;Producto peruano;;;;Extracto de Rosas;;;;;;;;
;;;;;;;;Sharomix;;;;;;;;
Cuidado facial;Hidratantes;;Serum de Niacinamide 5% ;Botella de plástico;16;45,00 PEN;;Niacinamide 5%;;;;;;;;
;;;;Contenido: 100 ml;;;;Hidrolato de Rosas;;;;;;;;
;;;;Producto peruano;;;;Extracto de Manzanilla;;;;;;;;
;;;;;;;;Glicerina líquida;;;;;;;;
;;;;;;;;Agua Destilada;;;;;;;;
;;;;;;;;Goma Xantán;;;;;;;;
;;;;;;;;Sharomix;;;;;;;;
Cuidado facial;Hidratantes;;Serum de Ácido Hialurónico 10% ;;16;45,00 PEN;;Ácido Hialurónico Nanosomado 10%;;;;;;;;
;;;;;;;;Hidrolato de Rosas;;;;;;;;
;;;;;;;;Extracto de Aloe Vera;;;;;;;;
;;;;;;;;Goma Xantán;;;;;;;;
;;;;;;;;Glicerina líquida;;;;;;;;
;;;;;;;;Agua Destilada;;;;;;;;
;;;;;;;;Sorbato de Potasio;;;;;;;;
;;;;;;;;Benzoato de Sodio;;;;;;;;
Cuidado facial;Hidratantes;;Crema de Noche con Ácido Hialurónico 10%;;16;39,00 PEN;1. Aplica en la noche, como último paso de tu rutina facial.  ;Ácido Hialurónico Nanosomado 10%;;;;;;;;
;;;;;;;;Aceite Esencial de Ylang Ylang;Equilibra la producción de sebo en el cutis. Es antiséptico y fomenta la cicatrización natural. Tiene un efecto antiinflamatorio. Provee una acción tonificante.;;;;;;;
;;;;;;;;Extracto de Aloe Vera;;;;;;;;
;;;;;;;;Manteca de Mango;;;;;;;;
;;;;;;;;Aceite de Coco fraccionado;;;;;;;;
;;;;;;;;Aceite de Jojoba;;;;;;;;
;;;;;;;;Glicerina líquida;;;;;;;;
;;;;;;;;Agua Destilada;;;;;;;;
;;;;;;;;Vitamina E;Antioxidante liposoluble y conservante natural ;;;;;;;
;;;;;;;;Tensioactivo olivem 1000;;;;;;;;
;;;;;;;;Sharomix;;;;;;;;
;;;;;;;;Niacinamide 3%;;;;;;;;
;;;;;;;;Aceite Esencial de Neroli;;;;;;;;
;;;;;;;;Extracto de Manzanilla;;;;;;;;
Cuidado facial;Hidratantes;;Crema Aclaradora con Rosa Mosqueta y Niacinamida;;16;59,00 PEN;;Manteca de Karité; Cubre la piel con una capa invisible que previene la deshidratación y protege de las agresiones externas como el clima frío o el viento, además de potenciar los activos de otras sustancias. Sus propiedades antiinflamatorias ayudan a calmar la piel irritada. Favorece la regeneración de los tejidos celulares;;;;;;;
;;;;;;;;Aceite de Rosa Mosqueta;;;;;;;;
;;;;;;;;Aceite de Almendras;;;;;;;;
;;;;;;;;Glicerina líquida;;;;;;;;
;;;;;;;;Agua Destilada;;;;;;;;
;;;;;;;;Vitamina E;Antioxidante liposoluble y conservante natural ;;;;;;;
;;;;;;;;Tensioactivo olivem 1000;;;;;;;;
;;;;;;;;Sharomix;;;;;;;;
;;;;;;;;Niacinamide 3%;;;;;;;;
;;;;;;;;Aceite Esencial de Lavanda;;;;;;;;
Cuidado facial;Hidratantes;;Crema con Protección Solar y Niacinamide 3%;;16;59,00 PEN;;Manteca de Karité; Cubre la piel con una capa invisible que previene la deshidratación y protege de las agresiones externas como el clima frío o el viento, además de potenciar los activos de otras sustancias. Sus propiedades antiinflamatorias ayudan a calmar la piel irritada. Favorece la regeneración de los tejidos celulares;;;;;;;
;;;;;;;;Oleato de Calendula ;;;;;;;;
;;;;;;;;Aceite de Jojoba;;;;;;;;
;;;;;;;;Uria;;;;;;;;
;;;;;;;;Glicerina líquida;;;;;;;;
;;;;;;;;Agua Destilada;;;;;;;;
;;;;;;;;Vitamina E;Antioxidante liposoluble y conservante natural ;;;;;;;
;;;;;;;;Tensioactivo olivem 1000;;;;;;;;
;;;;;;;;Sharomix;;;;;;;;
;Hidratantes;;Óleo facial de Rosa Mosqueta y Argán;;16;39,00 PEN;"Aplica unas gotas sobre el rostro limpio y tonificado, preferiblemente por la noche. Masajea suavemente hasta su total absorción. Si lo aplicas en la mańana, usa protector solar.
Los resultados suelen ser visibles tras 3 a 4 semanas de uso constante.";Aceite Esencial de Rosas;;;;;;;;
;;;;;;;;Aceite de Rosa Mosqueta;;;;;;;;
;;;;;;;;Aceite de Argán;;;;;;;;
;;;;;;;;Vitamina E;Antioxidante liposoluble y conservante natural ;;;;;;;
Cuidado facial;Hidratantes;;Gel Contorno de Ojos;;16;39,00 PEN;;Ácido Hialurónico Nanosomado 5%;;;;;;;;
;;;;;;;;Extracto de Manzanilla;;;;;;;;
;;;;;;;;Hidrolato de Manzanilla;;;;;;;;
;;;;;;;;Glicerina líquida;;;;;;;;
;;;;;;;;Sharomix;;;;;;;;
Cuidado facial;Hidratantes;;Serum de pestańas Love Lashes;;16;32,00 PEN;;Aceite de Ricino;;;;;;;;
;;;;;;;;Aceite de Argán;;;;;;;;
;;;;;;;;Aceite de Jojoba;;;;;;;;
;;;;;;;;Vitamina E;Antioxidante liposoluble y conservante natural ;;;;;;;
Cuidado facial;Hidratantes;;Balsamo de Labios;;16;20,00 PEN;;Manteca de Cacao;;;;;;;;
;;;;;;;;Aceite de Almendras;;;;;;;;
;;;;;;;;Vitamina E;Antioxidante liposoluble y conservante natural ;;;;;;;
;;;;;;;;Cera de Abeja;;;;;;;;
Cuidado facial;Hidratantes;;VividGloss Labial ;;16;;;Aceite de Ricino;;;;;;;;
;;;;;;;;Aceite de Almendras;;;;;;;;
;;;;;;;;Vitamina E;Antioxidante liposoluble y conservante natural ;;;;;;;
;;;;;;;;Cera de Abeja;;;;;;;;
;;;;;;;;Dioxido de Titanio;;;;;;;;
;;;;;;;;Oxido de Hierro/ Pigmento de grado cosmético ;;;;;;;;
Cuidado facial;Hidratantes;;KissMe Lips;;16;;;;;;;;;;;
;;;;;;;;;;;;;;;;
;;;;;;;;;;;;;;;;
;;;;;;;;;;;;;;;;
;;;;;;;;;;;;;;;;
;;;;;;;;;;;;;;;;
Cuidado corporal;Pasta dental;;Pasta dental de Menta;;16;;;Arcilla Blanca;;;;;;;;
;;;;;;;;Aceite de Coco ;;;;;;;;
;;;;;;;;Betaína de Coco;;;;;;;;
;;;;;;;;Carbonato de calcio;;;;;;;;
;;;;;;;;Tensioactivo SCI;;;;;;;;
;;;;;;;;Aceite Esencial de Menta;;;;;;;;
;;;;;;;;Aceite Esencial de Árbol de Te;;;;;;;;
Cuidado corporal;Cremas;;Crema de manos aromaterapéutica;;16;;;Manteca de Karité; Cubre la piel con una capa invisible que previene la deshidratación y protege de las agresiones externas como el clima frío o el viento, además de potenciar los activos de otras sustancias. Sus propiedades antiinflamatorias ayudan a calmar la piel irritada. Favorece la regeneración de los tejidos celulares;;;;;;;
;;;;;;;;Extracto de Aloe Vera;;;;;;;;
;;;;;;;;Aceite de Almendras;;;;;;;;
;;;;;;;;Aceite de Ricino;;;;;;;;
;;;;;;;;Vitamina E;Antioxidante liposoluble y conservante natural ;;;;;;;
;;;;;;;;Cera Lanette;;;;;;;;
;;;;;;;;Agua Destilada;;;;;;;;
;;;;;;;;Uria;;;;;;;;
;;;;;;;;Sharomix;;;;;;;;
Cuidado corporal;Cremas;;Crema de cuerpo ;;16;;;Manteca de Karité; Cubre la piel con una capa invisible que previene la deshidratación y protege de las agresiones externas como el clima frío o el viento, además de potenciar los activos de otras sustancias. Sus propiedades antiinflamatorias ayudan a calmar la piel irritada. Favorece la regeneración de los tejidos celulares;;;;;;;
;;;;;;;;Manteca de Cacao;;;;;;;;
;;;;;;;;Aceite de Almendras;;;;;;;;
;;;;;;;;Aceite de Coco ;;;;;;;;
;;;;;;;;Vitamina E;Antioxidante liposoluble y conservante natural ;;;;;;;
;;;;;;;;Cera Lanette;;;;;;;;
;;;;;;;;Agua Destilada;;;;;;;;
;;;;;;;;Glicerina líquida;;;;;;;;
;;;;;;;;Uria;;;;;;;;
;;;;;;;;Sharomix;;;;;;;;
;;;;;;;;Aceite de Coco ;;;;;;;;
;;;;;;;;Aceite Esencial de Árbol de Te;;;;;;;;
;;;;;;;;Concha de Nácar en polvo;;;;;;;;
;;;;;;;;Vitamina E;Antioxidante liposoluble y conservante natural ;;;;;;;
;;;;;;;;Arcilla Blanca;;;;;;;;
;;;;;;;;Manteca de Karité; Cubre la piel con una capa invisible que previene la deshidratación y protege de las agresiones externas como el clima frío o el viento, además de potenciar los activos de otras sustancias. Sus propiedades antiinflamatorias ayudan a calmar la piel irritada. Favorece la regeneración de los tejidos celulares;;;;;;;
Cuidado corporal;;;Desodorante natural Sensitive Skin ;;;;;Recinoleato de Zinc;;;;;;;;
;;;;;;;;Fécula de Maíz ;;;;;;;;
;;;;;;;;Aceite de Coco ;;;;;;;;
;;;;;;;;Aceite Esencial de Árbol de Te;;;;;;;;
;;;;;;;;Cera de Abeja;;;;;;;;
;;;;;;;;Recinoleato de Zinc;;;;;;;;
;;;;;;;;Alcohol Cetílico;;;;;;;;
;;;;;;;;Arcilla Blanca;;;;;;;;
;;;;;;;;Aceite Esencial de Árbol de Te;;;;;;;;
;;;;;;;;Aceite de Almendras;;;;;;;;
;;;;;;;;Recinoleato de Zinc;;;;;;;;
;;;;;;;;Glicerina líquida;;;;;;;;
;;;;;;;;Agua Destilada;;;;;;;;
;;;;;;;;BTMS;;;;;;;;
;;;;;;;;Sharomix;;;;;;;;
Cuidado corporal;;;Desodorante natural de Piedra de Alumbre;;;;;Piedra de alumbre;;;;;;;;
;;;;;;;;;;;;;;;;
;;;;;;;;;;;;;;;;
;;;;;;;;;;;;;;;;
;;;;;;;;;;;;;;;;
;;;;;;;;;;;;;;;;
;;;;;;;;;;;;;;;;
;;;;;;;;;;;;;;;;
Cuidado corporal;;;Desodorante natural de Piedra de Alumbre;;;;;;;;;;;;;
;;;;;;;;;;;;;;;;
;;;;;;;;;;;;;;;;
;;;;;;;;;;;;;;;;
;;;;;;;;;;;;;;;;
;;;;;;;;;;;;;;;;
;;;;;;;;;;;;;;;;
Cuidado corporal;;;Shampoo sólido de Romero;;;;;Romero en polvo;;;;;;;;
;;;;;;;;Hidrolato de Romero;;;;;;;;
;;;;;;;;Tensioactivo SCI;;;;;;;;
;;;;;;;;Aceite de Coco ;;;;;;;;
;;;;;;;;Aceite de Almendras;;;;;;;;
;;;;;;;;Ácido Esteárico ;;;;;;;;
;;;;;;;;Almendras en polvo;;;;;;;;
;;;;;;;;Arcilla Blanca;;;;;;;;
;;;;;;;;Extracto de 7 plantas;;;;;;;;
;;;;;;;;Aceite Esencial de Romero;;;;;;;;
Cuidado corporal;;;Shampoo líquido de Romero;;;;;Hidrolato de Romero;;;;;;;;
;;;;;;;;Extracto de Ortiga;;;;;;;;
;;;;;;;;Aceite Esencial de Árbol de Te;;;;;;;;
;;;;;;;;Aceite Esencial de Romero;;;;;;;;
;;;;;;;;Tensioactivo SCI;;;;;;;;
;;;;;;;;Betaína de Coco;;;;;;;;
;;;;;;;;Agua Destilada;;;;;;;;
;;;;;;;;Decylglucosido;;;;;;;;
;;;;;;;;Glicerina líquida;;;;;;;;
Cuidado corporal;;;Acondicionador liquido de Coco;;;;;BTMS;;;;;;;;
;;;;;;;;Aceite de Almendras;;;;;;;;
;;;;;;;;Aceite de Ricino;;;;;;;;
;;;;;;;;Aceite de Coco ;;;;;;;;
;;;;;;;;Aceite Esencial de Ylang Ylang;Equilibra la producción de sebo en el cutis. Es antiséptico y fomenta la cicatrización natural. Tiene un efecto antiinflamatorio. Provee una acción tonificante.;;;;;;;
;;;;;;;;Extracto de 7 plantas;;;;;;;;
;;;;;;;;Colágeno Hidrolizado;;;;;;;;
;;;;;;;;Proteína Hidrolizada de Arroz;;;;;;;;
;;;;;;;;Agua Destilada;;;;;;;;
;;;;;;;;Glicerina líquida;;;;;;;;
;;;;;;;;Sharomix;;;;;;;;
Cuidado corporal;;;Tónico de Romero;;;;;Hidrolato de Romero;;;;;;;;
;;;;;;;;Extracto de 7 plantas;;;;;;;;
;;;;;;;;Sharomix;;;;;;;;
